<?xml version="1.0" encoding="utf-8"?>
<Fixture name="Fixture" uuid="b74379fb2fa444e1a292380e80d8f9cb" fixtureName="chris_uk_cmy_do_not_delete">
	<versionInfo name="Resolume Arena" majorVersion="7" minorVersion="16" microVersion="0" revision="25503"/>
	<Params name="Params">
		<ParamFixturePixels storage="0" name="Pixels">
			<ParamRange name="Width" T="DOUBLE" default="1" value="1">
				<PhaseSourceStatic name="PhaseSourceStatic" phase="0"/>
				<BehaviourDouble name="BehaviourDouble"/>
				<ValueRange name="defaultRange" min="1" max="512"/>
				<ValueRange name="minMax" min="1" max="512"/>
				<ValueRange name="startStop" min="1" max="512"/>
			</ParamRange>
			<ParamRange name="Height" T="DOUBLE" default="1" value="1">
				<PhaseSourceStatic name="PhaseSourceStatic" phase="0"/>
				<BehaviourDouble name="BehaviourDouble"/>
				<ValueRange name="defaultRange" min="1" max="512"/>
				<ValueRange name="minMax" min="1" max="512"/>
				<ValueRange name="startStop" min="1" max="512"/>
			</ParamRange>
			<ParamChoice name="Color Format" T="STRING" default="rgb" value="cmy" storeChoices="0"/>
			<ParamChoice name="Distribution" T="INT32" default="170" value="170" storeChoices="0"/>
			<ParamRange name="Gamma" T="DOUBLE" default="2.5" value="2.5">
				<PhaseSourceStatic name="PhaseSourceStatic" phase="0.75"/>
				<BehaviourDouble name="BehaviourDouble"/>
				<ValueRange name="defaultRange" min="1" max="3"/>
				<ValueRange name="minMax" min="1" max="3"/>
				<ValueRange name="startStop" min="1" max="3"/>
			</ParamRange>
		</ParamFixturePixels>
	</Params>
</Fixture>

